ds,y
01/01/18,50930.49
01/02/18,73204.65
01/03/18,60450.73
01/04/18,101558.6
01/05/18,0
01/06/18,97863.11
01/07/18,87803.02
01/08/18,145306.4
01/09/18,64442.55
01/10/18,68347.33
01/11/18,64381.89
01/12/18,0
01/13/18,105504.7
01/14/18,96688.13
01/15/18,100391.6
01/16/18,200516.8
01/17/18,133729.3
01/18/18,90597.7
01/19/18,0
01/20/18,116412.7
01/21/18,174345.6
01/22/18,127296
01/23/18,158381.5
01/24/18,98390.76
01/25/18,134610.6
01/26/18,0
01/27/18,176696.2
01/28/18,193242.7
01/29/18,215636.9
01/30/18,170986.4
01/31/18,165139.4
02/01/18,112940.7
02/02/18,0
02/03/18,172629.9
02/04/18,127260.9
02/05/18,107037.5
02/06/18,135003
02/07/18,128874.3
02/08/18,74657.92
02/09/18,0
02/10/18,131621.5
02/11/18,108179
02/12/18,79399.98
02/13/18,71783.23
02/14/18,177668.2
02/15/18,69195.21
02/16/18,0
02/17/18,190634.7
02/18/18,204659.4
02/19/18,175501.8
02/20/18,124539
02/21/18,211348.5
02/22/18,155795
02/23/18,0
02/24/18,199140.2
02/25/18,149639.4
02/26/18,159615.6
02/27/18,172382.8
02/28/18,198535.4
03/01/18,179457.6
03/02/18,0
03/03/18,143827
03/04/18,128500.9
03/05/18,170242.2
03/06/18,140505.9
03/07/18,173597.7
03/08/18,101139.8
03/09/18,0
03/10/18,232065
03/11/18,127393.4
03/12/18,183090.4
03/13/18,244602
03/14/18,130389
03/15/18,163484.9
03/16/18,0
03/17/18,180627
03/18/18,116046.8
03/19/18,96790.56
03/20/18,221466.6
03/21/18,155530.9
03/22/18,142005.2
03/23/18,0
03/24/18,209121.6
03/25/18,171215.7
03/26/18,112680.6
03/27/18,177051.5
03/28/18,212433.3
03/29/18,189829.1
03/30/18,0
03/31/18,157969.1
04/01/18,174210.1
04/02/18,89877.42
04/03/18,126351.2
04/04/18,113570.4
04/05/18,90599.64
04/06/18,0
04/07/18,135575.2
04/08/18,130911.8
04/09/18,104937.5
04/10/18,108981.8
04/11/18,113004.7
04/12/18,118696.1
04/13/18,0
04/14/18,219799.5
04/15/18,138101.2
04/16/18,135881.6
04/17/18,97470.3
04/18/18,135730.1
04/19/18,266202.9
04/20/18,0
04/21/18,162887.7
04/22/18,142306.9
04/23/18,194015.5
04/24/18,146360
04/25/18,137397.9
04/26/18,134299.8
04/27/18,0
04/28/18,143563.1
04/29/18,146267.8
04/30/18,174802.1
05/01/18,168944.1
05/02/18,133137.6
05/03/18,131542.7
05/04/18,0
05/05/18,125145
05/06/18,126443.1
05/07/18,197771.4
05/08/18,135116.3
05/09/18,79744.08
05/10/18,144601.8
05/11/18,0
05/12/18,112417.3
05/13/18,129974
05/14/18,84556.37
05/15/18,107854.6
05/16/18,72687.76
05/17/18,40840.32
05/18/18,0
05/19/18,65038.06
05/20/18,45374
05/21/18,44438.92
05/22/18,35274.06
05/23/18,51588.81
05/24/18,66984.24
05/25/18,0
05/26/18,54567.98
05/27/18,38690.41
05/28/18,61433.17
05/29/18,34825.09
05/30/18,35033.59
05/31/18,28106.31
06/01/18,0
06/02/18,65188.89
06/03/18,26548.72
06/04/18,24720.86
06/05/18,29562.4
06/06/18,40175.47
06/07/18,38789.76
06/08/18,0
06/09/18,26992.57
06/10/18,25294.97
06/11/18,67357.85
06/12/18,51851.86
06/13/18,9196.838
06/14/18,5118.022
06/15/18,0
06/16/18,0
06/17/18,0
06/18/18,0
06/19/18,196048.7
06/20/18,131499.6
06/21/18,94957.03
06/22/18,0
06/23/18,179762.5
06/24/18,116159.9
06/25/18,99684.31
06/26/18,95307.45
06/27/18,80764.56
06/28/18,72903.2
06/29/18,0
06/30/18,105736.3
07/01/18,107560.2
07/02/18,121512.4
07/03/18,110359.5
07/04/18,78871.77
07/05/18,95679.23
07/06/18,0
07/07/18,198794.1
07/08/18,113967
07/09/18,129258.9
07/10/18,56726.64
07/11/18,96554.76
07/12/18,83926.35
07/13/18,0
07/14/18,94012.35
07/15/18,124563.9
07/16/18,93308.22
07/17/18,110922.4
07/18/18,69226.7
07/19/18,144233.3
07/20/18,0
07/21/18,91225.11
07/22/18,93336.87
07/23/18,115852.6
07/24/18,106641.5
07/25/18,78586.4
07/26/18,77754.32
07/27/18,0
07/28/18,165484.7
07/29/18,180452.6
07/30/18,143165.2
07/31/18,65064.45
08/01/18,103735.8
08/02/18,140116.6
08/03/18,0
08/04/18,194919.9
08/05/18,144923.5
08/06/18,143384.7
08/07/18,134711
08/08/18,132536.3
08/09/18,231418.7
08/10/18,0
08/11/18,133666.3
08/12/18,127225.2
08/13/18,106524.2
08/14/18,97865.97
08/15/18,79184.57
08/16/18,144411.2
08/17/18,0
08/18/18,142105.2
08/19/18,64351.86
08/20/18,0
08/21/18,0
08/22/18,0
08/23/18,0
08/24/18,0
08/25/18,149432.5
08/26/18,165665.8
08/27/18,112095
08/28/18,114782.5
08/29/18,101068.8
08/30/18,103220.5
08/31/18,0
09/01/18,170728.4
09/02/18,131482.3
09/03/18,107717.9
09/04/18,124394.5
09/05/18,82821.33
09/06/18,106246.2
09/07/18,0
09/08/18,127658.9
09/09/18,125323.2
09/10/18,88938.61
09/11/18,145771.8
09/12/18,58249.51
09/13/18,68577.66
09/14/18,0
09/15/18,126563.4
09/16/18,118380.4
09/17/18,86591.92
09/18/18,154964.6
09/19/18,125848.7
09/20/18,143207.8
09/21/18,0
09/22/18,132059.3
09/23/18,0
09/24/18,230495.1
09/25/18,87519.78
09/26/18,107225.3
09/27/18,100723.8
09/28/18,0
09/29/18,123003.7
09/30/18,49712.17
10/01/18,85891.03
10/02/18,115634.5
10/03/18,98161.48
10/04/18,78329.72
10/05/18,0
10/06/18,180795.5
10/07/18,88614.67
10/08/18,164816.7
10/09/18,132342.2
10/10/18,139371.6
10/11/18,146441.2
10/12/18,0
10/13/18,213643.9
10/14/18,100379.5
10/15/18,106590.3
10/16/18,177333.8
10/17/18,81873.54
10/18/18,125035.9
10/19/18,0
10/20/18,147318.9
10/21/18,170793
10/22/18,76440.75
10/23/18,135839.3
10/24/18,131267.7
10/25/18,72783.22
10/26/18,0
10/27/18,126228.9
10/28/18,155412.5
10/29/18,76967.3
10/30/18,94784.24
10/31/18,185004.1
11/01/18,108584.9
11/02/18,0
11/03/18,202376.5
11/04/18,96355.86
11/05/18,140744.8
11/06/18,162690.4
11/07/18,120397.9
11/08/18,105543.5
11/09/18,0
11/10/18,126320.4
11/11/18,139449.1
11/12/18,127051.7
11/13/18,96259.54
11/14/18,155922.2
11/15/18,93314.92
11/16/18,0
11/17/18,157593.9
11/18/18,162633.1
11/19/18,151906
11/20/18,139619.9
11/21/18,105499.1
11/22/18,136422.9
11/23/18,0
11/24/18,112498.2
11/25/18,167838
11/26/18,142018.2
11/27/18,126068.2
11/28/18,136813.8
11/29/18,124509.3
11/30/18,0
12/01/18,130878.3
12/02/18,159533.3
12/03/18,133129.3
12/04/18,112274.9
12/05/18,57959.01
12/06/18,87040.37
12/07/18,0
12/08/18,202937.1
12/09/18,126855.8
12/10/18,114472.5
12/11/18,142316.1
12/12/18,125896.1
12/13/18,118442.4
12/14/18,0
12/15/18,88212.21
12/16/18,121950.9
12/17/18,100887.5
12/18/18,126713.6
12/19/18,146359.2
12/20/18,111696.7
12/21/18,0
12/22/18,92525.03
12/23/18,154369.4
12/24/18,164526.8
12/25/18,133308
12/26/18,86278.57
12/27/18,106516.1
12/28/18,0
12/29/18,139792.9
12/30/18,134476.2
12/31/18,83566.99
01/01/19,103923.4
01/02/19,91151.45
01/03/19,154459.6
01/04/19,0
01/05/19,99034.05
01/06/19,146697.7
01/07/19,145189.6
01/08/19,115502.6
01/09/19,171546.2
01/10/19,109390
01/11/19,0
01/12/19,97044.64
01/13/19,108867.3
01/14/19,116259.5
01/15/19,55843.41
01/16/19,129197.7
01/17/19,112825
01/18/19,0
01/19/19,201270.7
01/20/19,73608.74
01/21/19,109001.5
01/22/19,99403.79
01/23/19,106284.6
01/24/19,127151.5
01/25/19,0
01/26/19,157398.7
01/27/19,96807.95
01/28/19,157754.4
01/29/19,122236.6
01/30/19,195817.1
01/31/19,78622.48
02/01/19,0
02/02/19,135494.9
02/03/19,131952.1
02/04/19,107501.3
02/05/19,131505.3
02/06/19,205798.9
02/07/19,134073.5
02/08/19,0
02/09/19,127873.9
02/10/19,157585.1
02/11/19,167592.2
02/12/19,66158.11
02/13/19,74588.27
02/14/19,124877.8
02/15/19,0
02/16/19,241248.2
02/17/19,185819.1
02/18/19,194448.9
02/19/19,95063.38
02/20/19,123409
02/21/19,115973.2
02/22/19,0
02/23/19,144126
02/24/19,150354.3
02/25/19,145522.1
02/26/19,146310.7
02/27/19,124530.2
02/28/19,179021.3
03/01/19,0
03/02/19,173614.9
03/03/19,121709.9
03/04/19,203584.4
03/05/19,134772.3
03/06/19,114172.1
03/07/19,94889.45
03/08/19,0
03/09/19,163770.7
03/10/19,110240.6
03/11/19,125421.6
03/12/19,87535.5
03/13/19,98363.25
03/14/19,110028.6
03/15/19,0
03/16/19,144752.9
03/17/19,129396.9
03/18/19,125698.6
03/19/19,120649.1
03/20/19,116795.8
03/21/19,111009.1
03/22/19,0
03/23/19,184518.7
03/24/19,83289.21
03/25/19,127170
03/26/19,116574.1
03/27/19,125767.7
03/28/19,95840.85
03/29/19,0
03/30/19,170144.3
03/31/19,116607.4
04/01/19,149205.7
04/02/19,95011.77
04/03/19,78508.07
04/04/19,172492
04/05/19,0
04/06/19,109536.3
04/07/19,133025.4
04/08/19,92401.26
04/09/19,122652.8
04/10/19,136921.5
04/11/19,104135.9
04/12/19,0
04/13/19,116865.9
04/14/19,154684.3
04/15/19,101399.7
04/16/19,146759.1
04/17/19,149064.4
04/18/19,112123.1
04/19/19,0
04/20/19,182353.2
04/21/19,200396
04/22/19,133896.5
04/23/19,95996.18
04/24/19,126915.6
04/25/19,139127.2
04/26/19,0
04/27/19,159106.2
04/28/19,111824.1
04/29/19,128238.9
04/30/19,120697.2
05/01/19,95692.69
05/02/19,130633.4
05/03/19,0
05/04/19,114933.7
05/05/19,95056.49
05/06/19,39198.14
05/07/19,27216.69
05/08/19,48875.06
05/09/19,59098.42
05/10/19,7426.048
05/11/19,123539.5
05/12/19,72313.99
05/13/19,68610.99
05/14/19,62787.54
05/15/19,65541.29
05/16/19,61004.53
05/17/19,4704.46
05/18/19,68730.87
05/19/19,52007.32
05/20/19,27112.45
05/21/19,81929.92
05/22/19,79961.61
05/23/19,60392.32
05/24/19,4724.903
05/25/19,66713.3
05/26/19,51830.71
05/27/19,57257.46
05/28/19,31428.83
05/29/19,55465.54
05/30/19,33564.74
05/31/19,0
06/01/19,45857.1
06/02/19,85809.44
06/03/19,0
06/04/19,0
06/05/19,0
06/06/19,0
06/07/19,0
06/08/19,137274.4
06/09/19,145012.7
06/10/19,122184.5
06/11/19,107317.1
06/12/19,141281.1
06/13/19,83867.32
06/14/19,0
06/15/19,127725.7
06/16/19,93771.37
06/17/19,149326.4
06/18/19,86192.55
06/19/19,118567.7
06/20/19,171892.1
06/21/19,0
06/22/19,193274.2
06/23/19,122712.8
06/24/19,159289
06/25/19,107350.9
06/26/19,91809.94
06/27/19,134307.2
06/28/19,0
06/29/19,178189.7
06/30/19,171493.2
07/01/19,144801.7
07/02/19,141415.1
07/03/19,104285.8
07/04/19,109603.2
07/05/19,0
07/06/19,107216.1
07/07/19,143673.3
07/08/19,63423.08
07/09/19,147228.3
07/10/19,138624.4
07/11/19,258015.9
07/12/19,0
07/13/19,111597
07/14/19,116337.1
07/15/19,94199.25
07/16/19,157730.9
07/17/19,113115.5
07/18/19,117338.3
07/19/19,0
07/20/19,212367.2
07/21/19,225797.2
07/22/19,91456.37
07/23/19,133496.1
07/24/19,170478.9
07/25/19,115958.2
07/26/19,0
07/27/19,164263.3
07/28/19,129235.5
07/29/19,118669.5
07/30/19,132807
07/31/19,124459.8
08/01/19,154443.6
08/02/19,0
08/03/19,101918.4
08/04/19,132518.7
08/05/19,126717.3
08/06/19,144424
08/07/19,96494.79
08/08/19,114879.8
08/09/19,0
08/10/19,0
08/11/19,0
08/12/19,0
08/13/19,0
08/14/19,0
08/15/19,178143
08/16/19,0
08/17/19,153215.5
08/18/19,128885.6
08/19/19,121704.6
08/20/19,165629.8
08/21/19,121894.7
08/22/19,79796.22
08/23/19,0
08/24/19,113980.6
08/25/19,118436
08/26/19,63002.6
08/27/19,82625.55
08/28/19,79289.82
08/29/19,176940.1
08/30/19,0
08/31/19,68962.18
09/01/19,105611.3
09/02/19,95027.14
09/03/19,226937.1
09/04/19,108928
09/05/19,100777.9
09/06/19,0
09/07/19,0
09/08/19,111376.3
09/09/19,202499
09/10/19,115514.9
09/11/19,119977.5
09/12/19,151960.5
09/13/19,0
09/14/19,127553.4
09/15/19,125980.5
09/16/19,136748.6
09/17/19,145573.2
09/18/19,89813.38
09/19/19,108269.1
09/20/19,0
09/21/19,109741.2
09/22/19,90854.23
09/23/19,0
09/24/19,156620.9
09/25/19,160883.4
09/26/19,131120.2
09/27/19,0
09/28/19,99476.38
09/29/19,71400.75
09/30/19,94992.41
10/01/19,144523.9
10/02/19,123432.6
10/03/19,107354.6
10/04/19,0
10/05/19,109007.4
10/06/19,150305.2
10/07/19,93048.96
10/08/19,78997.75
10/09/19,128271.2
10/10/19,98927.68
10/11/19,0
10/12/19,151659.3
10/13/19,155230
10/14/19,121023.5
10/15/19,133647.5
10/16/19,182062.4
10/17/19,121860
10/18/19,0
10/19/19,149025.1
10/20/19,120923.9
10/21/19,106782.5
10/22/19,117133.4
10/23/19,138078.5
10/24/19,102780.8
10/25/19,0
10/26/19,178711.5
10/27/19,118541.9
10/28/19,118910.5
10/29/19,139373.9
10/30/19,84523.95
10/31/19,62323.48
11/01/19,0
11/02/19,148076.6
11/03/19,138767.6
11/04/19,143033.3
11/05/19,131948
11/06/19,138344.3
11/07/19,132847.9
11/08/19,0
11/09/19,121180.3
11/10/19,153441.8
11/11/19,102922.1
11/12/19,83988.1
11/13/19,97703.4
11/14/19,81156.69
11/15/19,0
11/16/19,103514.8
11/17/19,87320.6
11/18/19,59496.48
11/19/19,35963.8
11/20/19,113865
11/21/19,108928.9
11/22/19,0
11/23/19,181074.8
11/24/19,129105.3
11/25/19,82997.99
11/26/19,129908.2
11/27/19,91550.39
11/28/19,63451.48
11/29/19,0
11/30/19,199705.5
12/01/19,89894.38
12/02/19,121261.4
12/03/19,81494.38
12/04/19,120735.7
12/05/19,99328.7
12/06/19,0
12/07/19,151906.2
12/08/19,109705.9
12/09/19,139853.1
12/10/19,98348.07
12/11/19,122697.6
12/12/19,128684.5
12/13/19,0
12/14/19,150656.6
12/15/19,125933
12/16/19,81224.43
12/17/19,134027.4
12/18/19,80828.48
12/19/19,114500.2
12/20/19,0
12/21/19,112178.5
12/22/19,154737.1
12/23/19,112073.2
12/24/19,112043.9
12/25/19,111790.9
12/26/19,130340.4
12/27/19,0
12/28/19,145123.6
12/29/19,74657.96
12/30/19,141086.9
12/31/19,134373.1
01/01/20,182071.2
01/02/20,66335.84
01/03/20,0
01/04/20,130337.4
01/05/20,82719.29
01/06/20,107191.4
01/07/20,90609.15
01/08/20,111357.1
01/09/20,95021.5
01/10/20,0
01/11/20,110594.2
01/12/20,93925.79
01/13/20,107623.8
01/14/20,176293.7
01/15/20,113019.8
01/16/20,146238.1
01/17/20,0
01/18/20,91106.56
01/19/20,75995.09
01/20/20,105170.7
01/21/20,71556.26
01/22/20,98576.99
01/23/20,81551.31
01/24/20,0
01/25/20,125008.7
01/26/20,72706.64
01/27/20,121339.5
01/28/20,107772
01/29/20,104310.3
01/30/20,129937.5
01/31/20,0
02/01/20,79745.26
02/02/20,65238.96
02/03/20,127934.4
02/04/20,81337.81
02/05/20,64534.6
02/06/20,76014.42
02/07/20,0
02/08/20,110630.5
02/09/20,82759.61
02/10/20,94705.1
02/11/20,73163.78
02/12/20,76151.4
02/13/20,104510.8
02/14/20,0
02/15/20,67325.28
02/16/20,91232.6
02/17/20,63940.49
02/18/20,83097.3
02/19/20,74433.62
02/20/20,73133.24
02/21/20,0
02/22/20,126194.9
02/23/20,88024.61
02/24/20,230107.7
02/25/20,82927.91
02/26/20,163213.1
02/27/20,116285.7
02/28/20,0
02/29/20,155263.4
03/01/20,119894.5
03/02/20,158071.4
03/03/20,114925
03/04/20,95854.66
03/05/20,78672.24
03/06/20,0
03/07/20,122466.3
03/08/20,117730.5
03/09/20,64273.12
03/10/20,76729.11
03/11/20,102595.2
03/12/20,92247.19
03/13/20,0
03/14/20,80718.06
03/15/20,125837.8
03/16/20,128559.6
03/17/20,78715.82
03/18/20,95000.81
03/19/20,92811.39
03/20/20,0
03/21/20,139995.6
03/22/20,75714.6
03/23/20,131421.1
03/24/20,55038.27
03/25/20,101045.6
03/26/20,60285.43
03/27/20,0
03/28/20,80802.59
03/29/20,84958.79
03/30/20,59437.6
03/31/20,83803.44
04/01/20,93964.46
04/02/20,91794.58
04/03/20,0
04/04/20,100160.6
04/05/20,66738.78
04/06/20,103044.7
04/07/20,35277.96
04/08/20,12389.14
04/09/20,4661.565
04/10/20,0
04/11/20,16700.99
04/12/20,18340.35
04/13/20,25850.88
04/14/20,9901.93
04/15/20,11032.68
04/16/20,13197.86
04/17/20,0
04/18/20,23476.63
04/19/20,8769.06
04/20/20,13262.94
04/21/20,8995.763
04/22/20,4451.905
04/23/20,3798.342
04/24/20,0
04/25/20,3300.121
04/26/20,8900.055
04/27/20,7700.283
04/28/20,2174.181
04/29/20,16701.44
04/30/20,9777.052
05/01/20,0
05/02/20,24294.24
05/03/20,26169.62
05/04/20,21462.18
05/05/20,48997.58
05/06/20,32390.67
05/07/20,23585.77
05/08/20,0
05/09/20,27686.39
05/10/20,20833.25
05/11/20,42572.49
05/12/20,22827.76
05/13/20,31114.58
05/14/20,35593.24
05/15/20,0
05/16/20,34651.55
05/17/20,37888.93
05/18/20,22438.43
05/19/20,20600.15
05/20/20,43235.37
05/21/20,28834.85
05/22/20,0
05/23/20,0
05/24/20,0
05/25/20,0
05/26/20,0
05/27/20,0
05/28/20,103667.9
05/29/20,0
05/30/20,155042.1
05/31/20,97867.2
06/01/20,196150
06/02/20,157902
06/03/20,189603.5
06/04/20,81951.83
06/05/20,0
06/06/20,220800.2
06/07/20,136095.1
06/08/20,95973.62
06/09/20,148766.6
06/10/20,190952.1
06/11/20,104004.8
06/12/20,0
06/13/20,189938.6
06/14/20,161992.2
06/15/20,126057
06/16/20,78200.6
06/17/20,225773.9
06/18/20,117891.8
06/19/20,0
06/20/20,88131.7
06/21/20,198177.2
06/22/20,335125
06/23/20,204708.5
06/24/20,150539.6
06/25/20,150141
06/26/20,0
06/27/20,280687.9
06/28/20,196420.3
06/29/20,189794.3
06/30/20,296003
07/01/20,5699.732
07/02/20,21864.45
07/03/20,0
07/04/20,43638.27
07/05/20,37321.59
07/06/20,27608.14
07/07/20,31055.24
07/08/20,40504.93
07/09/20,39641.29
07/10/20,0
07/11/20,47763.17
07/12/20,33885.44
07/13/20,56620.82
07/14/20,29708.19
07/15/20,22869.08
07/16/20,17438.82
07/17/20,0
07/18/20,19461.16
07/19/20,15473.63
07/20/20,7983.952
07/21/20,12499.41
07/22/20,22855.52
07/23/20,18031.61
07/24/20,0
07/25/20,18134.37
07/26/20,17663.46
07/27/20,8155.042
07/28/20,8136.256
07/29/20,19393.54
07/30/20,0
07/31/20,0
08/01/20,0
08/02/20,0
08/03/20,0
08/04/20,17720.93
08/05/20,9186.515
08/06/20,13255.28
08/07/20,0
08/08/20,13518.07
08/09/20,8127.845
08/10/20,15005.59
08/11/20,13747.11
08/12/20,16926.96
08/13/20,15771.32
08/14/20,0
08/15/20,18770.87
08/16/20,26522.86
08/17/20,23628.85
08/18/20,20388.34
08/19/20,22246.84
08/20/20,12343.2
08/21/20,0
08/22/20,27696.14
08/23/20,18412.46
08/24/20,11844.99
08/25/20,12411.71
08/26/20,29139.38
08/27/20,31282.48
08/28/20,0
08/29/20,14919.99
08/30/20,29537.39
08/31/20,23969.72
09/01/20,4237.05
09/02/20,19033.97
09/03/20,15469.29
09/04/20,0
09/05/20,27835.58
09/06/20,12440.36
09/07/20,25882.69
09/08/20,10306.35
09/09/20,27567.55
09/10/20,38419.45
09/11/20,0
09/12/20,33072.21
09/13/20,9742.37
09/14/20,17520.28
09/15/20,30462.73
09/16/20,10706.25
09/17/20,11755.09
09/18/20,0
09/19/20,19009.7
09/20/20,23339.8
09/21/20,27451.96
09/22/20,31806.79
09/23/20,0
09/24/20,11477.05
09/25/20,0
09/26/20,13586.45
09/27/20,19576.78
09/28/20,31779.93
09/29/20,13488.39
09/30/20,12237.08
10/01/20,17869.23
10/02/20,0
10/03/20,15449.62
10/04/20,24363.98
10/05/20,28292.01
10/06/20,38017.44
10/07/20,7259.406
10/08/20,9333.939
10/09/20,0
10/10/20,30344.98
10/11/20,30182.85
10/12/20,7823.034
10/13/20,19243.95
10/14/20,20321.91
10/15/20,17666.08
10/16/20,0
10/17/20,42613.85
10/18/20,25410.13
10/19/20,28308.16
10/20/20,9712.75
10/21/20,23382.01
10/22/20,31261.09
10/23/20,0
10/24/20,33570.98
10/25/20,27365.29
10/26/20,26113.71
10/27/20,19449.4
10/28/20,15438.29
10/29/20,15246.93
10/30/20,0
10/31/20,14883.58
11/01/20,26670.05
11/02/20,55791.26
11/03/20,33625.64
11/04/20,12786.17
11/05/20,32073.8
11/06/20,0
11/07/20,36186.87
11/08/20,27397.05
11/09/20,12363.87
11/10/20,9017.087
11/11/20,14266.58
11/12/20,20198.68
11/13/20,0
11/14/20,29067.29
11/15/20,43050.16
11/16/20,15308.59
11/17/20,16345.68
11/18/20,24152.68
11/19/20,51306.35
11/20/20,0
11/21/20,47974.24
11/22/20,31109.26
11/23/20,17335.03
11/24/20,19220.23
11/25/20,12446.27
11/26/20,6701.228
11/27/20,0
11/28/20,21263.87
11/29/20,19189.76
11/30/20,16225.98
12/01/20,11963.48
12/02/20,16024.06
12/03/20,10075.86
12/04/20,0
12/05/20,25937.71
12/06/20,36719.61
12/07/20,13646.28
12/08/20,23265.04
12/09/20,45481.88
12/10/20,8170.711
12/11/20,0
12/12/20,11594.75
12/13/20,24471.79
12/14/20,13939.92
12/15/20,32706.49
12/16/20,31130.79
12/17/20,33994.83
12/18/20,0
12/19/20,16114.42
12/20/20,5702.272
12/21/20,27669.68
12/22/20,10996.8
12/23/20,68955.57
12/24/20,5240.495
12/25/20,0
12/26/20,32202.59
12/27/20,37128.3
12/28/20,65288.14
12/29/20,17500.52
12/30/20,20352.94
12/31/20,4547.971
01/01/21,0
01/02/21,32491.36
01/03/21,29982.17
01/04/21,34603.35
01/05/21,57883.85
01/06/21,9866.809
01/07/21,1480.49
01/08/21,0
01/09/21,24622.89
01/10/21,26366.98
01/11/21,9747.747
01/12/21,42997.33
01/13/21,17415.32
01/14/21,34599.09
01/15/21,0
01/16/21,48218.12
01/17/21,22141.22
01/18/21,24915.47
01/19/21,24303.31
01/20/21,12346.8
01/21/21,25346.54
01/22/21,0
01/23/21,33805.14
01/24/21,20754.9
01/25/21,34704.44
01/26/21,9096.298
01/27/21,19230.31
01/28/21,1948.725
01/29/21,0
01/30/21,529.5076
01/31/21,3897.45
02/01/21,0
02/02/21,11692.35
02/03/21,5196.6
02/04/21,12160.16
02/05/21,0
02/06/21,17597.01
02/07/21,6822.354
02/08/21,178.6368
02/09/21,7846.307
02/10/21,12564.11
02/11/21,8444.475
02/12/21,0
02/13/21,2598.3
02/14/21,12993.69
02/15/21,14678.76
02/16/21,41616.73
02/17/21,23240.65
02/18/21,13062.13
02/19/21,0
02/20/21,85469.41
02/21/21,49451.85
02/22/21,80303.97
02/23/21,78111.59
02/24/21,105995.1
02/25/21,112431.9
02/26/21,0
02/27/21,93841.2
02/28/21,57464.01
03/01/21,60396.92
03/02/21,52459.11
03/03/21,102367
03/04/21,91830.4
03/05/21,0
03/06/21,95296.87
03/07/21,26265.96
03/08/21,58009.18
03/09/21,62623.05
03/10/21,44685.83
03/11/21,49877.69
03/12/21,0
03/13/21,51620.73
03/14/21,62703.6
03/15/21,10403.69
03/16/21,18947.63
03/17/21,10738.62
03/18/21,29304.28
03/19/21,0
03/20/21,12215.92
03/21/21,26186.21
03/22/21,39448.73
03/23/21,43260.93
03/24/21,45356.12
03/25/21,51762.34
03/26/21,0
03/27/21,61720.04
03/28/21,46563.4
03/29/21,48212.21
03/30/21,20302.63
03/31/21,147025.2
04/01/21,24973.5
04/02/21,0
04/03/21,48283.54
04/04/21,21026.73
04/05/21,32959.42
04/06/21,31599.68
04/07/21,44097.82
04/08/21,39869.96
04/09/21,0
04/10/21,44942.96
04/11/21,51963.85
04/12/21,26162.61
04/13/21,4096.931
04/14/21,2726.979
04/15/21,2691.673
04/16/21,0
04/17/21,12846.52
04/18/21,8089.604
04/19/21,8075.019
04/20/21,8145.63
04/21/21,5618.249
04/22/21,0
04/23/21,0
04/24/21,16241.02
04/25/21,13592.3
04/26/21,2887.123
04/27/21,3839.024
04/28/21,8148.958
04/29/21,79224.46
04/30/21,0
05/01/21,68859.65
05/02/21,19469.27
05/03/21,22291.26
05/04/21,36571.98
05/05/21,49975.68
05/06/21,35972.25
05/07/21,0
05/08/21,47452.29
05/09/21,44541.5
05/10/21,46211.34
05/11/21,3374.177
05/12/21,0
05/13/21,0
05/14/21,0
05/15/21,0
05/16/21,81208.99
05/17/21,218446.3
05/18/21,56854.86
05/19/21,49262.01
05/20/21,90450.34
05/21/21,0
05/22/21,70832.64
05/23/21,58630.07
05/24/21,71079.37
05/25/21,83137.18
05/26/21,51453.1
05/27/21,128964.1
05/28/21,0
05/29/21,102873.5
05/30/21,63649.45
05/31/21,98935.07
06/01/21,102929.8
06/02/21,97104.32
06/03/21,27686.57
06/04/21,0
06/05/21,31547.93
06/06/21,37908.93
06/07/21,36571.46
06/08/21,44879.73
06/09/21,50808.13
06/10/21,41181.79
06/11/21,0
06/12/21,30861.88
06/13/21,43454.07
06/14/21,25607.88
06/15/21,21124.24
06/16/21,22782.02
06/17/21,59565.73
06/18/21,0
06/19/21,72943.18
06/20/21,34423.1
06/21/21,28366.98
06/22/21,52084.41
06/23/21,44339.52
06/24/21,35096.92
06/25/21,0
06/26/21,23270.13
06/27/21,18198.45
06/28/21,15748.27
06/29/21,40043.51
06/30/21,40894.39
07/01/21,17742.3
07/02/21,0
07/03/21,16781.03
07/04/21,10125.83
07/05/21,21598.63
07/06/21,9464.454
07/07/21,16868.53
07/08/21,11071.42
07/09/21,0
07/10/21,18701.89
07/11/21,16686.19
07/12/21,0
07/13/21,8220.878
07/14/21,8542.726
07/15/21,8477.367
07/16/21,0
07/17/21,5399.654
07/18/21,5630.399
07/19/21,0
07/20/21,0
07/21/21,0
07/22/21,0
07/23/21,0
07/24/21,14967.43
07/25/21,44927.82
07/26/21,9368.463
07/27/21,11324.78
07/28/21,2815.2
07/29/21,5405.678
07/30/21,0
07/31/21,9461.442
08/01/21,20997.27
08/02/21,12665.8
08/03/21,8105.505
08/04/21,4055.764
08/05/21,9011.516
08/06/21,0
08/07/21,13961.24
08/08/21,16198.96
08/09/21,19334.12
08/10/21,13797.63
08/11/21,702.9051
08/12/21,2814.423
08/13/21,0
08/14/21,3166.218
08/15/21,10449.28
08/16/21,7077.406
08/17/21,16856.5
08/18/21,12604.53
08/19/21,15240.32
08/20/21,0
08/21/21,37097.16
08/22/21,11805.62
08/23/21,22840.19
08/24/21,15379.22
08/25/21,22148.43
08/26/21,21089.5
08/27/21,0
08/28/21,14084.24
08/29/21,9799.101
08/30/21,35391.05
08/31/21,13486.12
09/01/21,15533.46
09/02/21,11241.38
09/03/21,0
09/04/21,33556.13
09/05/21,28124.71
09/06/21,27698.75
09/07/21,28497.27
09/08/21,23817.47
09/09/21,61557.62
09/10/21,0
09/11/21,23213.09
09/12/21,25054.85
09/13/21,43527.98
09/14/21,13360.05
09/15/21,37415.52
09/16/21,38989.66
09/17/21,0
09/18/21,24844.58
09/19/21,37509.05
09/20/21,35445.15
09/21/21,15132.99
09/22/21,36113.18
09/23/21,0
09/24/21,0
09/25/21,60534.57
09/26/21,54856.58
09/27/21,30221.55
09/28/21,65942.47
09/29/21,14796.65
09/30/21,15678.06
10/01/21,0
10/02/21,170864.7
10/03/21,90558.29
10/04/21,41996.06
10/05/21,111383.1
10/06/21,52193.54
10/07/21,148356.6
10/08/21,0
10/09/21,95672.56
10/10/21,33599.56
10/11/21,49534.32
10/12/21,44703.16
10/13/21,74455.72
10/14/21,88569.86
10/15/21,0
10/16/21,28591.63
10/17/21,59979.7
10/18/21,126695.1
10/19/21,45825.74
10/20/21,19371.72
10/21/21,6884.405
10/22/21,0
10/23/21,95236.9
10/24/21,41461.05
10/25/21,48355.37
10/26/21,48362.71
10/27/21,49603.07
10/28/21,34788.93
10/29/21,0
10/30/21,37293.78
10/31/21,103458.4
11/01/21,62458.51
11/02/21,84401.55
11/03/21,76628.45
11/04/21,42842.8
11/05/21,0
11/06/21,91935.07
11/07/21,107407.3
11/08/21,79308.15
11/09/21,139037
11/10/21,72701.65
11/11/21,60008.36
11/12/21,0
11/13/21,108186
11/14/21,152990.4
11/15/21,102025.9
11/16/21,56367.67
11/17/21,124028.1
11/18/21,19435.72
11/19/21,0
11/20/21,153377.9
11/21/21,97841.21
11/22/21,102384.2
11/23/21,68647.84
11/24/21,104249
11/25/21,61040.25
11/26/21,0
11/27/21,94770.74
11/28/21,113065.8
11/29/21,123389.8
11/30/21,104877.8
12/01/21,127557.5
12/02/21,72132.67
12/03/21,0
12/04/21,66334.73
12/05/21,124715.8
12/06/21,67212.26
12/07/21,48891.18
12/08/21,132536.5
12/09/21,111453.5
12/10/21,0
12/11/21,92278.96
12/12/21,97798.61
12/13/21,58940.81
12/14/21,99962.93
12/15/21,103058.3
12/16/21,112475.1
12/17/21,0
12/18/21,140789.8
12/19/21,51353.71
12/20/21,118740.1
12/21/21,100694.6
12/22/21,98236.75
12/23/21,119112.6
12/24/21,0
12/25/21,149930.2
12/26/21,121390.6
12/27/21,132392.8
12/28/21,146605.7
12/29/21,88486.76
12/30/21,154219.1
12/31/21,0
01/01/22,168270.5
01/02/22,86774.73
01/03/22,135151.5
01/04/22,117636.5
01/05/22,107073.3
01/06/22,98340.79
01/07/22,0
01/08/22,209405.1
01/09/22,117422.8
01/10/22,66758.04
01/11/22,220604.2
01/12/22,126682.3
01/13/22,104620.7
01/14/22,0
01/15/22,94496.59
01/16/22,146539.8
01/17/22,132964.8
01/18/22,86120.78
01/19/22,195250.5
01/20/22,129828.7
01/21/22,0
01/22/22,117525.3
01/23/22,103227.5
01/24/22,109419.5
01/25/22,103640.7
01/26/22,99652.37
01/27/22,113044.5
01/28/22,0
01/29/22,139837.6
01/30/22,153349.6
01/31/22,69698.94
02/01/22,77607.53
02/02/22,156744.5
02/03/22,124860.1
02/04/22,0
02/05/22,98836.27
02/06/22,85866.06
02/07/22,90786.81
02/08/22,99991.22
02/09/22,119388.2
02/10/22,30430.39
02/11/22,0
02/12/22,111595.3
02/13/22,98932.68
02/14/22,67747.9
02/15/22,76308.45
02/16/22,104137.2
02/17/22,110225.8
02/18/22,0
02/19/22,78735.67
02/20/22,47385
02/21/22,84721.26
02/22/22,0
02/23/22,98811.9
02/24/22,132874.6
02/25/22,0
02/26/22,134441.2
02/27/22,239742.3
02/28/22,99665.93
03/01/22,64310.44
03/02/22,48924.43
03/03/22,157561.6
03/04/22,0
03/05/22,125688.8
03/06/22,347483
03/07/22,183075.3
03/08/22,101925.7
03/09/22,56881.68
03/10/22,276640.5
03/11/22,0
03/12/22,142563.7
03/13/22,134850.9
03/14/22,94082.28
03/15/22,126932.4
03/16/22,110019.5
03/17/22,71152.95
03/18/22,0
03/19/22,142647.2
03/20/22,84213.76
03/21/22,64444.13
03/22/22,64018.07
03/23/22,48030.63
03/24/22,29227.01
03/25/22,0
03/26/22,137660
03/27/22,57940.2
03/28/22,97689.79
03/29/22,118147.4
03/30/22,40615.15
03/31/22,53222.87
04/01/22,0
04/02/22,19006.02
04/03/22,16405.95
04/04/22,13855.86
04/05/22,13543.27
04/06/22,6882.172
04/07/22,75314.35
04/08/22,0
04/09/22,36315.55
04/10/22,10274.19
04/11/22,11491.44
04/12/22,33114.67
04/13/22,37752.72
04/14/22,10202.69
04/15/22,0
04/16/22,58831.62
04/17/22,40126.2
04/18/22,17227.85
04/19/22,26235.6
04/20/22,60098.09
04/21/22,30521.9
04/22/22,0
04/23/22,87522.98
04/24/22,55736.86
04/25/22,3537.481
04/26/22,10662.36
04/27/22,23083.44
04/28/22,25951.22
04/29/22,0
04/30/22,0
05/01/22,0
05/02/22,0
05/03/22,0
05/04/22,36520.32
05/05/22,65122.73
05/06/22,0
05/07/22,91622.81
05/08/22,96327.08
05/09/22,72119.62
05/10/22,50477.5
05/11/22,21965.36
05/12/22,105704.7
05/13/22,0
05/14/22,124465.3
05/15/22,119830.5
05/16/22,44266.74
05/17/22,62793.99
05/18/22,38316.72
05/19/22,57140.64
05/20/22,0
05/21/22,171032.5
05/22/22,80412.39
05/23/22,61498.16
05/24/22,72971.02
05/25/22,91607.61
05/26/22,107908.3
05/27/22,0
05/28/22,128724.9
05/29/22,83399.43
05/30/22,47673.35
05/31/22,67442.84
06/01/22,117707.1
06/02/22,142418.9
06/03/22,0
06/04/22,63516.6
06/05/22,93228.3
06/06/22,95147.59
06/07/22,66024.45
06/08/22,122489.5
06/09/22,74417.77
06/10/22,0
06/11/22,72251.74
06/12/22,61096.81
06/13/22,47155.21
06/14/22,80685.88
06/15/22,215348.4
06/16/22,45619.97
06/17/22,0
06/18/22,136376.3
06/19/22,159553.3
06/20/22,112190.4
06/21/22,35950.05
06/22/22,76269.13
06/23/22,64761.21
06/24/22,0
06/25/22,85650.08
06/26/22,73273.56
06/27/22,49743.21
06/28/22,22858.5
06/29/22,43980.2
06/30/22,48310.23
07/01/22,0
07/02/22,119095.7
07/03/22,53732.97
07/04/22,134557.7
07/05/22,30129.59
07/06/22,11687.72
07/07/22,41310.39
07/08/22,0
07/09/22,0
07/10/22,0
07/11/22,0
07/12/22,0
07/13/22,73710.44
07/14/22,55486.16
07/15/22,0
07/16/22,87571.26
07/17/22,88700.22
07/18/22,131052.1
07/19/22,121836
07/20/22,63482.88
07/21/22,31194.18
07/22/22,0
07/23/22,55461.74
07/24/22,101683.3
07/25/22,47366.7
07/26/22,57348.72
07/27/22,27468.75
07/28/22,55613.2
07/29/22,0
07/30/22,43046.67
07/31/22,85359.41
08/01/22,57364.19
08/02/22,62982.5
08/03/22,66866.14
08/04/22,36092.03
08/05/22,0
08/06/22,117135.4
08/07/22,44296.01
08/08/22,47292.52
08/09/22,63670.94
08/10/22,45921.1
08/11/22,81071.25
08/12/22,0
08/13/22,78109.28
08/14/22,63175.47
08/15/22,31395.72
08/16/22,88070.85
08/17/22,82042.48
08/18/22,66459.17
08/19/22,0
08/20/22,101803.2
08/21/22,62396.01
08/22/22,67936.83
08/23/22,65807.11
08/24/22,69916.63
08/25/22,91154.68
08/26/22,0
08/27/22,87032.52
08/28/22,60153.34
08/29/22,89408.17
08/30/22,86292.94
08/31/22,29901.51
09/01/22,65115.16
09/02/22,0
09/03/22,65263.84
09/04/22,72023.56
09/05/22,70472.73
09/06/22,98179.68
09/07/22,55979.33
09/08/22,43021.86
09/09/22,0
09/10/22,48031.16
09/11/22,44220.3
09/12/22,66710.52
09/13/22,40627.29
09/14/22,65354.44
09/15/22,113011.8
09/16/22,0
09/17/22,47147.23
09/18/22,48573.85
09/19/22,44204.62
09/20/22,86663.83
09/21/22,30012.36
09/22/22,0
09/23/22,0
09/24/22,82184.74
09/25/22,60848.24
09/26/22,63314.86
09/27/22,109820.7
09/28/22,33310.52
09/29/22,37511.92
09/30/22,0
10/01/22,46811.47
10/02/22,52470.87
10/03/22,43836.07
10/04/22,36516.98
10/05/22,33740.03
10/06/22,85287.46
10/07/22,0
10/08/22,90286.06
10/09/22,61659.65
10/10/22,24160.91
10/11/22,72157.4
10/12/22,78325.99
10/13/22,122005.2
10/14/22,0
10/15/22,33373.51
10/16/22,32974.07
10/17/22,49693.43
10/18/22,65225.81
10/19/22,20478.66
10/20/22,41148.81
10/21/22,0
10/22/22,50334.77
10/23/22,30052.25
10/24/22,35502.93
10/25/22,39683.54
10/26/22,44788.28
10/27/22,49488.06
10/28/22,0
10/29/22,32732.29
10/30/22,16857.5
10/31/22,14146.39
11/01/22,207631.5
11/02/22,314619
11/03/22,101544.4
11/04/22,0
11/05/22,71261.47
11/06/22,105225.2
11/07/22,130631.2
11/08/22,66242.05
11/09/22,52488.33
11/10/22,54449.74
11/11/22,0
11/12/22,105330.8
11/13/22,17398.26
11/14/22,48241.4
11/15/22,129448
11/16/22,45133.87
11/17/22,93676.83
11/18/22,0
11/19/22,71874.37
11/20/22,54273.84
11/21/22,44288.35
11/22/22,67068.45
11/23/22,0
11/24/22,288269.3
11/25/22,0
11/26/22,134968.3
11/27/22,49570.51
11/28/22,76341.38
11/29/22,81618.23
11/30/22,61260.93
12/01/22,76889.51
12/02/22,0
12/03/22,141453.1
12/04/22,87334.76
12/05/22,52023.85
12/06/22,61251.99
12/07/22,65562
12/08/22,30807.74
12/09/22,0
12/10/22,18787.33
12/11/22,45021.6
12/12/22,34446.89
12/13/22,51916.36
12/14/22,9404.074
12/15/22,50923.03
12/16/22,0
12/17/22,59144.56
12/18/22,38023.29
12/19/22,33890.51
12/20/22,63301.81
12/21/22,11581.03
12/22/22,40961.16
12/23/22,0
12/24/22,52649.9
12/25/22,55771.34
12/26/22,33354.99
12/27/22,53540.75
12/28/22,62021.64
12/29/22,28075.41
12/30/22,0
12/31/22,22441.17
01/01/23,44090.01
01/02/23,25835.14
01/03/23,27574.32
01/04/23,91743.38
01/05/23,13638.97
01/06/23,0
01/07/23,80711.04
01/08/23,264583.1
01/09/23,65480.2
01/10/23,108217.4
01/11/23,69528.81
01/12/23,81814.21
01/13/23,0
01/14/23,50406.58
01/15/23,49255.51
01/16/23,46918.84
01/17/23,70947.81
01/18/23,46234.4
01/19/23,28143.97
01/20/23,0
01/21/23,36458.15
01/22/23,32579.61
01/23/23,53917.22
01/24/23,9106.529
01/25/23,45866.23
01/26/23,35497.14
01/27/23,0
01/28/23,42961.99
01/29/23,77098.08
01/30/23,19010.15
01/31/23,52699.84
02/01/23,42428.6
02/02/23,13547.39
02/03/23,0
02/04/23,58326.93
02/05/23,30173.57
02/06/23,52887.23
02/07/23,45711.72
02/08/23,28193.47
02/09/23,38701.54
02/10/23,0
02/11/23,38741.88
02/12/23,22434.69
02/13/23,49594.25
02/14/23,88413.43
02/15/23,13894.05
02/16/23,33077.74
02/17/23,0
02/18/23,60534.98
02/19/23,23200.28
02/20/23,13690.55
02/21/23,37970.78
02/22/23,0
02/23/23,43020.46
02/24/23,0
02/25/23,41475.53
02/26/23,50871.16
02/27/23,18141.09
02/28/23,25160.56
03/01/23,25142.84
03/02/23,22721.49
03/03/23,0
03/04/23,80390.46
03/05/23,34636.42
03/06/23,47807.72
03/07/23,42270.52
03/08/23,114091.1
03/09/23,43207.39
03/10/23,0
03/11/23,47875.24
03/12/23,65960.89
03/13/23,50321.6
03/14/23,47496.1
03/15/23,35197.52
03/16/23,64441.35
03/17/23,0
03/18/23,70921.67
03/19/23,31440.33
03/20/23,35219.35
03/21/23,36971.48
03/22/23,39986.75
03/23/23,4117.884
03/24/23,0
03/25/23,17041.73
03/26/23,8365.995
03/27/23,27351.55
03/28/23,17364.06
03/29/23,33439.07
03/30/23,31160.49
03/31/23,0
04/01/23,36609.93
04/02/23,24910.42
04/03/23,18081.46
04/04/23,29748.67
04/05/23,6025.752
04/06/23,8394.326
04/07/23,0
04/08/23,15162.64
04/09/23,9072.083
04/10/23,6922.181
04/11/23,7818.634
04/12/23,4100.442
04/13/23,12574.23
04/14/23,0
04/15/23,22681.77
04/16/23,5667.448
04/17/23,267.6792
04/18/23,1979.999
04/19/23,3939.13
04/20/23,0
04/21/23,0
04/22/23,0
04/23/23,0
04/24/23,0
04/25/23,72162.34
04/26/23,29482.46
04/27/23,9181.519
04/28/23,0
04/29/23,29088.45
04/30/23,22486.59
05/01/23,28100.03
05/02/23,39073.28
05/03/23,8546.409
05/04/23,20513.06
05/05/23,0
05/06/23,60467.56
05/07/23,20649.88
05/08/23,1436.711
05/09/23,15364.39
05/10/23,19682.01
05/11/23,19180.97
05/12/23,0
05/13/23,38716.28
05/14/23,13151.76
05/15/23,5988.98
05/16/23,22629.04
05/17/23,18327.9
05/18/23,27509.85
05/19/23,0
05/20/23,32583.87
05/21/23,19816.47
05/22/23,18341.94
05/23/23,10342.41
05/24/23,3772.074
05/25/23,4751.755
05/26/23,0
05/27/23,20951.2
05/28/23,33889.16
05/29/23,6728.543
05/30/23,45326.67
05/31/23,12509.18
06/01/23,5970.989
06/02/23,0
06/03/23,4503.674
06/04/23,36615.81
06/05/23,19184.78
06/06/23,73081.17
06/07/23,12511.1
06/08/23,11318.42
06/09/23,0
06/10/23,34997.79
06/11/23,3020.655
06/12/23,13774.3
06/13/23,14532.03
06/14/23,21220.36
06/15/23,9713.041
06/16/23,0
06/17/23,45053
06/18/23,33905.85
06/19/23,16717.12
06/20/23,45323.41
06/21/23,27110.52
06/22/23,114362.7
06/23/23,0
06/24/23,17862.97
06/25/23,12553.6
06/26/23,11766.61
06/27/23,0
06/28/23,0
06/29/23,0
06/30/23,0
07/01/23,0
07/02/23,9594.452
07/03/23,20059.35
07/04/23,8858.366
07/05/23,35988.92
07/06/23,14757.88
07/07/23,0
07/08/23,48384.64
07/09/23,12623.37
07/10/23,25003.52
07/11/23,35734.49
07/12/23,21533.93
07/13/23,17317.33
07/14/23,0
07/15/23,17758.43
07/16/23,23917.39
07/17/23,29028.25
07/18/23,13946.58
07/19/23,27833.42
07/20/23,22972.38
07/21/23,0
07/22/23,18950.88
07/23/23,4333.606
07/24/23,15974.36
07/25/23,5683.305
07/26/23,7935.131
07/27/23,12435.69
07/28/23,0
07/29/23,29161.8
07/30/23,8906.248
07/31/23,14021.45
